id,label,x_true,E_A,E_B,alpha,snr_db
0,leak,112.18835968600399,0.26359193725517577,0.5598582282796178,0.01,6.921704490133188
1,leak,29.998379083312496,0.51670648925704,0.21066129351649485,0.01,16.397947660142
2,leak,119.70347259737119,0.20965417631062513,0.5122794082345427,0.01,17.553837755505235
3,leak,93.59869162209736,0.31525955562831137,0.45773512605439043,0.01,7.144624711070442
4,leak,85.73879204319105,0.29599223749616865,0.36953997978250264,0.01,15.070659081391675
5,leak,31.48073260290489,0.6075407724561402,0.2574478758190032,0.01,6.276234013725039
6,leak,29.639667116010013,0.6171439434559961,0.2561200000037119,0.01,6.2578404412799316
7,leak,31.329003042793495,0.5871325676192284,0.24398579287330951,0.01,7.420614675552307
8,leak,123.76140122614237,0.243681673516338,0.6575507426582238,0.01,6.513948634945992
9,leak,46.88448764725008,0.44262765724946074,0.25154382917198004,0.01,14.656094411598852
10,leak,79.45406529379112,0.32059673600343097,0.351505332406054,0.01,13.595765487407895
11,leak,123.36305120906694,0.2023948897930227,0.5350042074133715,0.01,16.341064876357397
12,leak,110.00167716246035,0.22858905937130258,0.46046774528180684,0.01,19.751674206248232
13,leak,38.53570397441919,0.46692164785454815,0.22535479692673516,0.01,19.594466652561877
14,leak,13.509366752994683,0.7689347103516031,0.22075714003773345,0.01,5.667450703887002
15,leak,23.243790699146473,0.5503432843223781,0.19559648649514488,0.01,16.811797777093503
16,leak,14.283011862910588,0.6494803909944653,0.19200314368247673,0.01,9.73766913262199
17,leak,42.16386527310276,0.46221672613742965,0.23949756580325093,0.01,14.616409213371702
18,leak,73.06418170830085,0.3430672826902681,0.33464541929646674,0.01,12.711696537638694
19,leak,125.38333389579935,0.19975210906511998,0.543420459214093,0.01,15.899357482652157
20,leak,84.35638017123075,0.29736862048870427,0.3572880062540419,0.01,18.408693025725228
21,leak,117.01683855017122,0.2584296007574323,0.6059876338060927,0.01,6.2854610513073075
22,leak,96.26035661197263,0.2793321809139807,0.426492895474349,0.01,11.177161878287967
23,leak,125.43082394911406,0.21162882725352364,0.5714959053119006,0.01,10.980446895021487
24,leak,127.7735216087723,0.19787701030291457,0.5771636111581999,0.01,13.169824021306827
25,leak,109.68841557666904,0.27278159162473015,0.555848995667456,0.01,6.634406876237383
26,leak,102.94325207726168,0.30172666787680397,0.514596496126457,0.01,6.634380049656519
27,leak,10.032404639722193,0.624851767806852,0.17104605251007354,0.01,16.376447000738224
28,leak,122.07101852728255,0.20952091021973307,0.5416285819124199,0.01,13.695385428869654
29,leak,28.184649428742667,0.6156511273715516,0.2446912482927959,0.01,6.903311077943731
30,leak,57.11176245194714,0.38966424638940034,0.2738561327135901,0.01,18.346197082300044
31,leak,135.88793948647708,0.19182679198819086,0.6416670297554384,0.01,10.089761980421825
32,leak,29.44430364420856,0.5197647306729329,0.20820246979414989,0.01,16.059458531966136
33,leak,80.91270367644428,0.32100719251806664,0.3610215749753778,0.01,12.253925129102726
34,leak,91.09269727512738,0.29613117919555054,0.4092548745026721,0.01,10.645193616044516
35,leak,99.7304989260644,0.32471019177738436,0.5374447616801759,0.01,5.42697222535354
36,leak,38.34804014423244,0.467991468722341,0.22658897991718902,0.01,18.688859202391487
37,leak,114.76467509997212,0.25714577236769376,0.5740275065992048,0.01,7.120676654668808
38,leak,130.4343564771935,0.22156268499535633,0.6709118947185632,0.01,6.872455854534479
39,leak,112.09966330664236,0.2347452988462995,0.4928699708873904,0.01,12.587367885968124
40,leak,114.79910724063949,0.2524163462898499,0.5590654364013997,0.01,7.751978273319429
41,leak,58.17329331920357,0.4876340100084607,0.3464450007295626,0.01,5.652651851348772
42,leak,43.48937368940625,0.45074377151944556,0.2394408768251727,0.01,17.373482200843725
43,leak,40.6186476873189,0.46050997255877246,0.23081419715061485,0.01,18.16779970474837
44,leak,84.8385211196119,0.30448189555988203,0.3726694191793797,0.01,13.044615022154769
45,leak,49.76124359962101,0.47231398757736365,0.2828528621755374,0.01,8.419170720279793
46,leak,126.52986647516262,0.2451217017879538,0.6650554512583496,0.01,5.814125284643378
47,leak,132.63899982886386,0.18306074472146305,0.5802807194841225,0.01,19.264893759289922
48,leak,92.46623388405808,0.2833213155126396,0.39951692358867963,0.01,13.244778433725285
49,leak,63.60335946236412,0.3689485205767861,0.2945673050849259,0.01,16.094445472054794
50,leak,116.50264353730077,0.22288672504791238,0.5087510082108501,0.01,13.87256449012367
51,leak,66.75672387068269,0.39820769729343497,0.3319187699308751,0.01,8.772103742662361
52,leak,76.5928948410859,0.35170237993958686,0.3600335025502306,0.01,9.943400196467046
53,leak,42.69816439245307,0.46267557363086753,0.24379182210835268,0.01,14.396523066477043
54,leak,33.71149378141818,0.6033255992259372,0.2654459046783809,0.01,6.22901563419894
55,leak,32.88317271153899,0.5003583966930466,0.215311292228505,0.01,16.589519065829265
56,leak,137.2098095126966,0.17720106553315457,0.6143538662069291,0.01,15.485628074193057
57,leak,135.01526400177477,0.19372749734926795,0.6509093671726061,0.01,9.64585500230734
58,leak,105.76002668546357,0.250947983228028,0.465640552752879,0.01,11.809460344119252
59,leak,118.23630603644702,0.22129502567674597,0.5229603786591445,0.01,12.466616068540567
60,leak,61.424560939360006,0.41814579466585,0.3250547093637952,0.01,8.142894815651902
61,leak,46.776720185728266,0.43257860877193416,0.24581034244589325,0.01,17.655979025644797
62,leak,98.22398306610714,0.26494639172695145,0.4267692425462471,0.01,13.330672952055577
63,leak,11.047394625300841,0.6670230347583045,0.18279499195428384,0.01,10.68205853718906
64,leak,109.97141984987033,0.23002555454131532,0.4663141758783594,0.01,17.281774615467715
65,leak,71.9002383137271,0.33607476762814986,0.3146599060797268,0.01,19.689226762100745
66,leak,125.38762168026635,0.1959703758794751,0.535655268478411,0.01,19.419027914981207
67,leak,51.062861461223704,0.41762448817161124,0.258063766104153,0.01,16.105181761223534
68,leak,64.46043553535097,0.3694302576171274,0.2952933500994914,0.01,15.27845194377695
69,leak,80.20014818663061,0.31336994407942137,0.3483214131166847,0.01,14.851541014538226
70,leak,120.69640180065252,0.22801107638976345,0.565348485912709,0.01,9.381615410308608
71,leak,129.22381545225448,0.1904808794050511,0.567845504143331,0.01,15.802553406087767
72,leak,138.11074961149313,0.1746329471112097,0.6187860497555028,0.01,16.32736864623039
73,leak,137.00278367437363,0.17883801226713927,0.6143420043907095,0.01,14.89698316117819
74,leak,71.45556966884688,0.3457774136651696,0.32383361866104665,0.01,13.956339077460097
75,leak,71.79835664104631,0.41461150493444643,0.38512091462658443,0.01,6.322978581705144
76,leak,83.84109128309427,0.3014782311022714,0.35805477972959443,0.01,17.21312169810544
77,leak,33.58181932180905,0.4945700312869358,0.21571717596341153,0.01,17.926101777944528
78,leak,75.05150806517722,0.3305212088069328,0.3283965386334028,0.01,16.382034295050165
79,leak,70.94253631426605,0.3561600556915403,0.32954387511981226,0.01,12.010257086959173
80,leak,31.134247190134907,0.5663332251973086,0.23769779891573478,0.01,8.887852683125585
81,leak,51.770206040643586,0.4098373014007529,0.25896482396001297,0.01,19.642709522164125
82,leak,86.5122930793537,0.3531000871958463,0.45700164893456247,0.01,5.993947512675855
83,leak,77.14201494981123,0.3478163203448746,0.36192733717374376,0.01,9.662932058091897
84,leak,121.27453491651494,0.24031616242318551,0.6057669495719546,0.01,7.428658734894789
85,leak,39.65878782981967,0.5309887400401335,0.26079352539132955,0.01,8.25095804437927
86,leak,64.85499576872616,0.37052943443057235,0.3024881293038376,0.01,13.576695967486557
87,leak,82.51224052520679,0.3062062132894414,0.357991860401048,0.01,14.615771937108686
88,leak,71.62508571899848,0.3409700390622421,0.31834399142481673,0.01,16.563891528159616
89,leak,40.85510167968083,0.46483292011483063,0.23540957115059127,0.01,15.76353960005109
90,leak,139.9351188762674,0.19060602422249115,0.6913889132704174,0.01,8.912346393651088
91,leak,127.61264544862271,0.20099470274159034,0.5763100877019013,0.01,11.982875281267813
92,leak,114.3319555101204,0.219650315627246,0.48346879741709664,0.01,18.879022655597083
93,leak,38.51917056153887,0.47861631769911944,0.23237465803399693,0.01,14.000631754680773
94,leak,139.53696069569963,0.18912320268416635,0.684302317272392,0.01,9.191188642456362
95,leak,97.73624748317478,0.30212405951802984,0.4721787143726561,0.01,8.079545788030806
96,leak,131.57898245610687,0.22038068399753383,0.674727265528978,0.01,6.886369566564605
97,leak,134.09337602523618,0.198279736361532,0.6391749626788824,0.01,9.348763517855494
98,leak,52.58973731378851,0.4075465671342433,0.2608722148380332,0.01,18.091974902000658
99,leak,89.88522334312212,0.32512124914342394,0.4349352789470117,0.01,7.8648496151214555
100,leak,41.950378834227685,0.4709710436815643,0.2433280007389568,0.01,12.98763347075241
101,leak,47.395281774276974,0.4618884700901671,0.2642021329486079,0.01,10.269093954254991
102,leak,116.06071568173303,0.24830163663306243,0.5549482017292436,0.01,7.90574555327924
103,leak,123.53648607697932,0.22431798791440744,0.6004385865837049,0.01,8.53058054926423
104,leak,20.655440669321443,0.5819237822828132,0.1954721357719228,0.01,13.235385708884001
105,leak,106.28156694313058,0.23782996340453746,0.444923432321822,0.01,19.66762205584565
106,leak,40.686534510415996,0.457831042009544,0.2304406526793875,0.01,19.646541659193886
107,leak,98.36934202186929,0.2616262170206646,0.41750722905844323,0.01,14.901996132259498
108,leak,112.47327990709208,0.2297856661290663,0.49165424363613774,0.01,12.793478683315179
109,leak,117.3885580075929,0.2575824888757694,0.5884807116148109,0.01,6.552678558879425
110,leak,107.12799182149742,0.27766593592456157,0.5331344432703572,0.01,7.076122558598957
111,leak,59.78316532002603,0.37911080365427346,0.2804948663697463,0.01,18.484622861199774
112,leak,10.712274051636347,0.7257023377798084,0.20266037880120882,0.01,6.942470555192951
113,leak,128.6316871702976,0.19691081848897893,0.5749545846836541,0.01,13.526186162707162
114,leak,32.31313486755424,0.6425591489611843,0.2716771928497923,0.01,5.273234706947174
115,leak,67.0244852080865,0.35178532095989956,0.29937445973342947,0.01,19.24136070230552
116,leak,74.04510343366805,0.3399464048509744,0.33087310018503985,0.01,13.583162553134951
117,leak,70.69320261042189,0.35430535715046746,0.3267092576482123,0.01,12.377023938629979
118,leak,92.34389822771475,0.317578208081917,0.4558405172434995,0.01,7.545534225456891
119,leak,65.45541193583503,0.46204236079719796,0.3866763675066099,0.01,5.001848262889545
120,leak,115.91820553919938,0.21624385192235132,0.4918790237462304,0.01,17.824811688149886
121,leak,84.88689806953164,0.2991834418987224,0.3631113406059175,0.01,15.108969607717759
122,leak,16.731585756591755,0.6518295400458811,0.20376279714232992,0.01,8.982446244017378
123,leak,105.67782259130682,0.3010276997947969,0.5573804378813757,0.01,5.673517341807438
124,leak,115.30731705309668,0.2605901924023874,0.5828523691508665,0.01,6.819431276346733
125,leak,125.10361033027013,0.2021610746667379,0.5490256557610547,0.01,15.112430909741496
126,leak,43.81975402097601,0.44881345118057286,0.24004481006793582,0.01,16.97626243823931
127,leak,14.872552699188189,0.6245045455969509,0.18597779250944435,0.01,12.526723817873563
128,leak,91.97588479518629,0.28659626887189343,0.4013598047297462,0.01,12.785863227565185
129,leak,65.06329748615042,0.42663814829850627,0.3540573615206438,0.01,6.946666519310423
130,leak,83.33558055922744,0.32093333591228224,0.382694735843428,0.01,11.095705105621619
131,leak,72.91922707069966,0.3371409488033954,0.3235060310624558,0.01,16.063850154199365
132,leak,124.46429485942792,0.19932316650083362,0.5343409946048148,0.01,18.5123325936504
133,leak,93.07748617143805,0.2961191637044019,0.4208629741662346,0.01,9.663731136080827
134,leak,111.41352157810141,0.2605884587443993,0.5446203140862503,0.01,7.6355459713060085
135,leak,107.40701682118552,0.23510522862729033,0.44883963513947267,0.01,19.885612895166453
136,leak,18.537024586458735,0.5916056177511277,0.19142492341330972,0.01,12.969446561749681
137,leak,127.61572682560058,0.21912580487629407,0.6236104060052363,0.01,8.523889812247868
138,leak,22.693195501703066,0.568041607129951,0.19800877189924465,0.01,14.21561266614125
139,leak,115.82455694641017,0.25870348406246035,0.5754962849495362,0.01,6.809947101107477
140,leak,28.095858697545935,0.5189816173918149,0.20439909464860137,0.01,18.491530589227175
141,leak,86.62972643556616,0.3116424319933117,0.3890889331012722,0.01,10.661069422206708
142,leak,30.90018638896948,0.5323279901726559,0.2195805537811567,0.01,12.003405920905621
143,leak,125.21345787893307,0.2508815781645352,0.6793868077398061,0.01,5.526988988930511
144,leak,72.10579526494845,0.3979526823320241,0.37102524831573636,0.01,7.0771624321032025
145,leak,116.2846282437851,0.2148553006275846,0.49027589495560936,0.01,19.695982515220063
146,leak,45.45866221539289,0.4375841943183758,0.24066751427342603,0.01,19.405751312364504
147,leak,51.63586389581525,0.4511725653330126,0.2827492246672351,0.01,9.367830730277799
148,leak,26.214504382975065,0.6539368746791455,0.2472495654816097,0.01,5.870087070176415
149,leak,109.2532384547927,0.2451242042871868,0.47918393955010163,0.01,11.794453351312889
150,leak,130.77240710407239,0.1975548589516297,0.6016918385089431,0.01,11.580738586630657
151,leak,117.75260479400725,0.26592609407594786,0.6093481522740756,0.01,5.616110532175916
152,leak,15.236778061641282,0.6288938251610764,0.19349075131756502,0.01,10.775081760713789
153,leak,51.19507039746928,0.4191661127985423,0.25768103478022547,0.01,17.098470728625546
154,leak,110.77831027272312,0.22784785380611738,0.46543059397833575,0.01,18.964487489209127
155,leak,94.48235780006816,0.3017326526823783,0.44388033988335973,0.01,8.878823729682821
156,leak,92.81156952213247,0.2732727488972531,0.3917890416290004,0.01,17.500339109934835
157,leak,10.64775396319473,0.6190562836445835,0.17135773328322254,0.01,18.23319820351694
158,leak,59.6316873860269,0.3970043607178569,0.2913272104979173,0.01,12.19026994202597
159,leak,56.609788664817955,0.4378851810371409,0.30039477571282996,0.01,8.603334381173262
160,leak,14.441929301338021,0.731154287762098,0.22311326405139725,0.01,5.894912793618845
161,leak,44.563014083158386,0.44206976019617333,0.23975135990699453,0.01,19.062981043216475
162,leak,51.32927142664984,0.4294556631994345,0.27163369375248714,0.01,12.00548176354484
163,leak,74.57859627122599,0.34947354061132796,0.3471975671536207,0.01,10.75248244520181
164,leak,28.083541638711242,0.6552146481098141,0.25871481988066514,0.01,5.430749066270958
165,leak,116.65609104634028,0.25363900466169664,0.5969407133635257,0.01,7.069972530167755
166,leak,105.22213138380295,0.240441515720058,0.4405325392256535,0.01,19.110841925254746
167,leak,77.74750069444191,0.32147259007445156,0.33810038924299907,0.01,16.67229142280781
168,leak,86.39553826844293,0.3532233564882915,0.4442093421606367,0.01,6.357347114372757
169,leak,90.94237211738296,0.2844635632059777,0.3917898733240871,0.01,13.943520044249604
170,leak,89.53882970846178,0.2883797969881469,0.38665491471091834,0.01,14.075993441098536
171,leak,21.99368784193019,0.5574608970053664,0.19198909380970453,0.01,18.544687496111628
172,leak,56.35008451176754,0.411693414797151,0.2827213949791244,0.01,12.191742281995868
173,leak,138.45567532734174,0.17171521662386033,0.6115968340660857,0.01,19.584744211050424
174,leak,60.377898656268115,0.3786203012271598,0.2840258426319439,0.01,17.295954071012076
175,leak,12.528832465336896,0.7643580952056886,0.22174995392857438,0.01,5.751461120068824
176,leak,94.8701827756075,0.2726289298938739,0.40445211081490134,0.01,15.11805972691334
177,leak,31.359150036224687,0.5429419709768925,0.2278384309135636,0.01,10.388283308612365
178,leak,129.73705142925724,0.19233657889780204,0.583103013283746,0.01,12.983591207258238
179,leak,136.55931341143292,0.17883104304086397,0.6122558559748875,0.01,15.504743805215055
180,leak,78.50359728549117,0.3195397222446123,0.3409248935910351,0.01,15.741196779040129
181,leak,28.25737015114594,0.5905820627570554,0.23110285184502324,0.01,8.32261150795043
182,leak,115.95746836733333,0.21730527118569373,0.493660470659433,0.01,16.392800440259812
183,leak,21.378932178904712,0.5739352790695009,0.1962588937208886,0.01,13.375760874841632
184,leak,42.72126498174706,0.4483235405897852,0.2353022474474106,0.01,18.724212871490035
185,leak,117.1043035231306,0.2142277904405671,0.49718509896052276,0.01,18.893518280974703
186,leak,37.320732634844035,0.5000520371604108,0.23265773266061313,0.01,11.739862209362343
187,leak,16.080384669396032,0.6037137549581262,0.1865194747140295,0.01,13.863093542214436
188,leak,98.33237624831098,0.30681479235410963,0.49548024684998265,0.01,6.670291722335291
189,leak,84.54574570072995,0.3019268758254046,0.3638758319214283,0.01,14.886172950887682
190,leak,67.49908729046788,0.37202987442265395,0.3176073155493447,0.01,11.836327189060938
191,leak,125.46889049089673,0.19718913977068084,0.541807393897473,0.01,18.10700889532212
192,leak,66.68129378490968,0.36031518168097987,0.3040897283053497,0.01,15.615912683430654
193,leak,62.0527339903992,0.36963851599508896,0.2851495431288732,0.01,19.22620597056671
194,leak,95.35984157147071,0.2654804554726201,0.39668688534190255,0.01,19.53832833855502
195,leak,64.3203132395085,0.36647576283486477,0.2943845472655477,0.01,17.14057437153012
196,leak,10.164906296546214,0.6204223659313481,0.16971856920054626,0.01,18.46913243618465
197,leak,86.45804885319257,0.3464566656002695,0.4303029580422065,0.01,7.053173537259023
198,leak,110.03904892949393,0.2557605860018832,0.5108758727396515,0.01,9.232220169454445
199,leak,93.30673777647803,0.33351801858789254,0.4950476938498712,0.01,5.80131472429262
200,leak,92.4330818534601,0.3190980650868083,0.44997021643293156,0.01,7.652365732695665
201,leak,99.38094966471628,0.3052648310260171,0.49163605965936746,0.01,7.0189838240405225
202,leak,37.74704583114561,0.48264506781227384,0.22892325748870032,0.01,14.455236053151149
203,leak,76.91905671392482,0.3249242853893385,0.3399788889552218,0.01,14.908582418660089
204,leak,71.0355096322883,0.3980077218762027,0.3661216591743266,0.01,7.1140578757613415
205,leak,93.37198442631134,0.2811644908762417,0.40588862041491985,0.01,13.496708855971718
206,leak,104.58854563676488,0.24115628705206438,0.4390339324630234,0.01,19.77977709872719
207,leak,38.226066788098564,0.5011572076504226,0.2391646544555537,0.01,11.040679410812698
208,leak,12.214278231751244,0.614960732523277,0.1747902090943233,0.01,16.94733836153245
209,leak,132.98101751258358,0.18463678146775103,0.5835419141217378,0.01,16.414875896194516
210,leak,131.11878696356908,0.18543452916663333,0.5679816849557051,0.01,19.322248075423772
211,leak,92.81637832059116,0.27162703224088897,0.3887107823297578,0.01,19.001267249321728
212,leak,22.84882850030874,0.6034267536803399,0.2103564521823802,0.01,9.71309658738987
213,leak,68.23393661767761,0.36272902339418867,0.31935551662626965,0.01,11.993056020634846
214,leak,137.95351477807978,0.21386216257075744,0.7520775578211986,0.01,6.15414071055202
215,leak,135.286194994252,0.18175875462331695,0.6121950019967305,0.01,14.340225354540822
216,leak,21.666214738429474,0.5803844804608674,0.20321161988108724,0.01,11.59902618832876
217,leak,115.14217976402664,0.2307435910723546,0.520763355853647,0.01,10.745383655730834
218,leak,56.991234982864846,0.3985533806003875,0.2769745738010472,0.01,14.61411128436219
219,leak,98.02005568628647,0.30778013313251684,0.4926205301280011,0.01,6.647074625896579
220,leak,102.40817105193918,0.27480000834778284,0.47047227558807925,0.01,9.315632377916952
221,leak,84.92974934601331,0.3162712105982713,0.3914546398896477,0.01,10.588947998041958
222,leak,31.78737541110413,0.500213984893664,0.21163653600677673,0.01,19.55604324501419
223,leak,107.17316365706289,0.24319550304921023,0.46519323784618066,0.01,13.507867501193148
224,leak,87.32993029566016,0.2941654308064531,0.37638787062107393,0.01,14.154545076223702
225,leak,11.466037625452604,0.618795489952013,0.17362608173069358,0.01,17.11330360082362
226,leak,41.65257151235522,0.49922992511472875,0.25726768263149613,0.01,9.582233242126705
227,leak,35.217856967854104,0.5587847819049806,0.2588448883750619,0.01,7.414596472553342
228,leak,39.03981083940029,0.48798179015718285,0.23368315642033782,0.01,13.176232336695955
229,leak,27.46920587231187,0.5207868554238314,0.20324621856154498,0.01,18.332666187690137
230,leak,10.633890851152364,0.6217934386027811,0.1715929506774191,0.01,18.346357000505936
231,leak,129.79845064953096,0.18964419234465446,0.5672997240852536,0.01,16.487357510902477
232,leak,103.97764016103842,0.27994299561395525,0.5069998872076996,0.01,7.5129548907610175
233,leak,54.628408575455246,0.40734587439135905,0.2692234368543991,0.01,16.100283963397427
234,leak,77.59913665163192,0.31832854422667095,0.3355936886499555,0.01,17.850570721161926
235,leak,94.34003643909075,0.26857866788122553,0.3985259198935698,0.01,17.303825711706903
236,leak,83.17798940397257,0.3086204572484964,0.36656976006798914,0.01,13.140176079724126
237,leak,25.068101108537107,0.6144439368061041,0.22542134507385717,0.01,8.12653607261759
238,leak,58.280187417256826,0.40957778233210734,0.2934265929005166,0.01,10.773749645237423
239,leak,76.95412796622715,0.33869479496361765,0.3505953466989961,0.01,11.401936108138138
240,leak,37.77484329778643,0.5057689271544852,0.23938744399009415,0.01,10.58774934391258
241,leak,64.34057606309617,0.3609646230239068,0.2931934669125875,0.01,19.373626075211067
242,leak,49.11597299403481,0.44586593212730524,0.2635266979991447,0.01,11.548952748362447
243,leak,16.511302801112723,0.6323818135413265,0.19483361144896952,0.01,10.458875690873727
244,leak,95.91400009513863,0.2975441631222778,0.45419303950270307,0.01,8.539650622853086
245,leak,33.27554601826282,0.577081117894513,0.24867014320773762,0.01,7.652782472242924
246,leak,114.81597004087523,0.21842151582778302,0.48565573533554446,0.01,18.757494786053332
247,leak,39.57727910331095,0.5217715908584337,0.25601473667430974,0.01,8.777836534520953
248,leak,39.500254871007854,0.4917438701791695,0.24049930238780626,0.01,11.303164687253094
249,leak,78.58271492707614,0.361071348338615,0.39218922560398917,0.01,7.783338529781054
250,leak,105.21440065769076,0.276319199906176,0.49711209945986057,0.01,8.299276180314786
251,leak,22.784242936875103,0.5905867088959095,0.20557033779002482,0.01,10.527460295589083
252,leak,49.53820966514188,0.4198867321473449,0.2527280414153508,0.01,19.32795084004061
253,leak,136.3371182604917,0.20767440973567597,0.7107807324718997,0.01,7.340386672512513
254,leak,111.7887363219738,0.2414615085293721,0.49988984559609384,0.01,10.784471909294105
255,leak,93.02833717186553,0.28242239091952237,0.4017489397123078,0.01,13.44271167088587
256,leak,34.429784602272186,0.49377266524882724,0.21733199480713053,0.01,16.708440675716204
257,leak,24.73530305004781,0.5515235965640611,0.2010692406807228,0.01,14.6238533976468
258,leak,115.3099535581432,0.2195810507330175,0.49345362652599317,0.01,16.142371244426883
259,leak,77.05663259446861,0.32250147430936366,0.3345913444954541,0.01,17.136465828325868
260,leak,105.86233113166912,0.24488118576710247,0.4513929917473371,0.01,15.156369380792913
261,leak,66.7772688227402,0.35206922217796427,0.29953296504311744,0.01,19.311616411978157
262,leak,136.90309934602544,0.17515343010811735,0.6042585602419076,0.01,19.550658582810897
263,leak,123.64713612375446,0.20147518395920047,0.5293201320469543,0.01,18.1119236765273
264,leak,112.0128806874828,0.27977257296515884,0.5835538618053839,0.01,5.662553557264481
265,leak,137.8596232905167,0.21526902563377667,0.751692147742385,0.01,5.93933523218048
266,leak,119.60494627252503,0.22211391684380546,0.545283419118618,0.01,11.382365450008047
267,leak,13.20224916389648,0.6059875580113468,0.17542108154500713,0.01,18.597317586388364
268,leak,32.75223898611466,0.5084824844352884,0.22122641833401732,0.01,14.352375812119794
269,leak,93.08606598587687,0.2869433642612089,0.4172386401942556,0.01,11.053721158396133
270,leak,28.652811136491003,0.5975504329722744,0.2357412870920483,0.01,7.5281711387741765
271,leak,51.783263529525485,0.5409392888533014,0.3321281711445621,0.01,5.081441452916015
272,leak,109.09026769807514,0.2983619045662333,0.5782178444389167,0.01,5.10619914979883
273,leak,69.67067862820767,0.3951088088464396,0.3509625383638876,0.01,7.660454884694642
274,leak,112.70257093467393,0.22209250741416303,0.47567818179788246,0.01,19.40590753237184
275,leak,128.18210249796476,0.19810297048910153,0.5769350217065587,0.01,13.093308835300995
276,leak,90.01204226347954,0.28647378831318643,0.3906638939401102,0.01,14.17131485224379
277,leak,130.74110453662132,0.2031503532734826,0.6195586629081424,0.01,9.83417583158802
278,leak,24.272560289166996,0.6851347909740516,0.2527369343934579,0.01,5.6073337097381195
279,leak,81.98568853886744,0.3199080518986687,0.36861792080850564,0.01,11.52586629305462
280,leak,82.76169687444795,0.3030568191496591,0.35488040921871794,0.01,16.680665035357173
281,leak,12.660387722900364,0.6188028967765236,0.17642885395597022,0.01,15.916090082368843
282,leak,17.221973700864886,0.6002445152894188,0.18895853687138658,0.01,13.357385676551601
283,leak,13.4881941006219,0.6053007685127854,0.1769721152455926,0.01,17.896196908552405
284,leak,41.44429847257903,0.4783431367578625,0.24581004652946273,0.01,11.472224211804079
285,leak,125.09106298455181,0.19653639894625335,0.5364079170498862,0.01,19.40210638576444
286,leak,86.71552570080546,0.29257849463000374,0.369517226657974,0.01,16.785691450376916
287,leak,98.69093917988667,0.25731904461298233,0.413446113446677,0.01,19.8057908472792
288,leak,12.265862240252478,0.6295054975345388,0.17865439104951295,0.01,13.138805478152179
289,leak,81.87167346809608,0.3542884973852047,0.4014256114751397,0.01,7.922954756457815
290,leak,126.11766067029889,0.19733548296181153,0.5478953446101337,0.01,16.691105287567435
291,leak,105.66580997311543,0.29104355930514697,0.5412143691799545,0.01,6.42273508762901
292,leak,99.62773627850208,0.3260250676117489,0.5264888277546006,0.01,5.327662631709392
293,leak,85.82086288044496,0.3193576938409624,0.3946089975524093,0.01,9.931512162948591
294,leak,60.00954780039486,0.4450255727285034,0.3259315666387576,0.01,7.322928901223871
295,leak,85.71292979272128,0.3533019611867604,0.4395960572756064,0.01,6.406008878911957
296,leak,52.65388451432164,0.41499383540427054,0.2640082750960194,0.01,14.916937571762928
297,leak,52.7245647322152,0.4104062111802812,0.26343897793965004,0.01,16.998218670972175
298,leak,25.719509428604134,0.5350008916747329,0.19969166715092063,0.01,17.847833754511527
299,leak,19.621582126682394,0.5846955516624154,0.19666124600865204,0.01,12.694660154315999
300,consumption,,0.4223455167925691,0.41586551140533984,0.01,9.481910905193024
301,consumption,,0.3883288389750037,0.3901339721036926,0.01,17.822692880852365
302,consumption,,0.42512717238214504,0.4226674680700813,0.01,18.11344956084777
303,consumption,,0.4070994385759141,0.40962899157057586,0.01,15.973286163906877
304,consumption,,0.4361764706965863,0.4355109011145592,0.01,17.877101338443467
305,consumption,,0.4084552523914147,0.40309966634899363,0.01,9.123162658792602
306,consumption,,0.3684619596999793,0.3710832104026327,0.01,17.65660361156164
307,consumption,,0.47470646995370736,0.48168035423668754,0.01,7.788383391342203
308,consumption,,0.48511514322006866,0.4873514766697057,0.01,12.658468730359798
309,consumption,,0.43348333809356004,0.43357904282870685,0.01,19.194873082719383
310,consumption,,0.4427330466549249,0.4403685770732948,0.01,7.3657344964884786
311,consumption,,0.4548574532735593,0.4571903928938727,0.01,10.476648901134277
312,consumption,,0.45495261082213,0.4606719323331126,0.01,7.4444481736032015
313,consumption,,0.46249570643109933,0.46182642099583016,0.01,10.747437180661082
314,consumption,,0.5587839900501491,0.5566511759213647,0.01,10.269329604073057
315,consumption,,0.5245211660768734,0.5212803595758655,0.01,5.298874821824294
316,consumption,,0.4122986897475386,0.41425853789537004,0.01,12.036915264501888
317,consumption,,0.406643775435634,0.4078721060366439,0.01,9.939935014324313
318,consumption,,0.45139787928109754,0.4486671961487497,0.01,14.006973639629614
319,consumption,,0.3978408013829911,0.39687743038520645,0.01,12.839918593489237
320,consumption,,0.48476693108248003,0.48258487880888856,0.01,17.79570603521104
321,consumption,,0.49177281682457713,0.4920270239502703,0.01,5.4148198639846665
322,consumption,,0.4668410888202282,0.4672925916570492,0.01,10.647245389951635
323,consumption,,0.4449944329396441,0.4459439350485388,0.01,9.323276229866533
324,consumption,,0.39765883928114804,0.3971544866881293,0.01,12.824147305954893
325,consumption,,0.4496512469894708,0.44371644821821915,0.01,6.8103935361767
326,consumption,,0.46257254181776586,0.45846080882581625,0.01,6.731311602321952
327,consumption,,0.5046459985056337,0.5088944860240142,0.01,6.256669683404337
328,consumption,,0.4366295066890234,0.43642746113679254,0.01,17.278124648292902
329,consumption,,0.4107856468416231,0.4103745725190829,0.01,19.15677497109995
330,consumption,,0.6160419363104093,0.6242964845109689,0.01,5.550110626397064
331,consumption,,0.419813268672567,0.4191070779020516,0.01,18.19313046751223
332,consumption,,0.4416984725977466,0.4475219656301328,0.01,11.182855555111828
333,consumption,,0.379366397974978,0.3807010440094884,0.01,19.87387914177877
334,consumption,,0.3827025816545606,0.38424927430788675,0.01,18.20060675630174
335,consumption,,0.5526059694297006,0.548322771172457,0.01,5.818594957993163
336,consumption,,0.5227282953039437,0.5193154267575114,0.01,8.43482277631082
337,consumption,,0.45860406204099796,0.4564184763908921,0.01,15.910912587400015
338,consumption,,0.42042714829900363,0.4162738601267761,0.01,19.78513391000967
339,consumption,,0.4241647456746607,0.42415129812175406,0.01,8.671154606100725
340,consumption,,0.39202596046956145,0.3912679304710027,0.01,11.198628360407671
341,consumption,,0.4105362652563897,0.4119429760822269,0.01,16.86013977855584
342,consumption,,0.5420997776901174,0.5307886181162564,0.01,7.2306937464753975
343,consumption,,0.4298128071360519,0.42188402379126794,0.01,13.194652987367148
344,consumption,,0.4718699174702858,0.46918294273896816,0.01,13.880167894907684
345,consumption,,0.4965682170218644,0.490174831145364,0.01,8.8234853534247
346,consumption,,0.45552333162847164,0.45699413408179007,0.01,14.248676856995017
347,consumption,,0.3998186420831573,0.40255610731804736,0.01,10.35626519980314
348,consumption,,0.38408232852925317,0.3817017169234951,0.01,15.403687611424854
349,consumption,,0.3905533000514259,0.38685515726895636,0.01,13.878372496875741
350,consumption,,0.4777153384130411,0.48409076596826206,0.01,7.11513658173161
351,consumption,,0.40593873277426884,0.40541095841862296,0.01,11.79040932535646
352,consumption,,0.4076274539594351,0.4082732821638449,0.01,12.68565896796272
353,consumption,,0.3842309938263364,0.38472943142644644,0.01,17.33061464323707
354,consumption,,0.5441843809465841,0.5525450478316666,0.01,6.379961645736279
355,consumption,,0.4557898484383282,0.46086750716261793,0.01,11.408751807510638
356,consumption,,0.41186438370374456,0.41643643965895377,0.01,11.3666834256643
357,consumption,,0.4693052445472211,0.468181667669702,0.01,9.828495807543106
358,consumption,,0.4958971203467407,0.4932261932900329,0.01,8.737119873548197
359,consumption,,0.4131068593189085,0.4175433580420391,0.01,13.548315446752882
360,consumption,,0.4218546428519748,0.421440005293475,0.01,12.899012253305596
361,consumption,,0.5245597560890622,0.5338204005137034,0.01,6.080954685817261
362,consumption,,0.5119814274858702,0.5187919434121687,0.01,9.94789185350084
363,consumption,,0.46337559646529725,0.46460889133061106,0.01,15.23589605745219
364,consumption,,0.45754149501352903,0.4582394765429073,0.01,16.9774899278528
365,consumption,,0.413315542350906,0.4125208007016453,0.01,17.086598258549746
366,consumption,,0.4866754896217097,0.4807556350395605,0.01,17.48746490445467
367,consumption,,0.3831653028175572,0.38121474501290253,0.01,12.086872631465951
368,consumption,,0.3903321412500753,0.38917170800654427,0.01,13.932976806945238
369,consumption,,0.3885413153066053,0.38867160373214643,0.01,18.800062350264565
370,consumption,,0.5090346297338608,0.5096582818531652,0.01,7.483939769760502
371,consumption,,0.5382800227213731,0.5281730575620466,0.01,5.0719684654148836
372,consumption,,0.4821738035369044,0.48037930659215444,0.01,8.809964688291899
373,consumption,,0.39741451798082145,0.39994141041336895,0.01,19.44681307564078
374,consumption,,0.3979538355448511,0.39781765820116516,0.01,18.4840090176899
375,consumption,,0.42144925731969146,0.4250808113617541,0.01,8.40310897433595
376,consumption,,0.4689899224508374,0.46736574557862903,0.01,19.37905489549894
377,consumption,,0.46260382252769344,0.45751240631813167,0.01,12.341377643959218
378,consumption,,0.47547329409154815,0.4771989206688671,0.01,12.368713203270078
379,consumption,,0.4441439308792824,0.44471782950233135,0.01,15.348501410465717
380,consumption,,0.37349455764640505,0.3748213870899604,0.01,19.081351497299917
381,consumption,,0.47384645203707576,0.46688185550809275,0.01,11.10628619314355
382,consumption,,0.42715370537961755,0.4283484821133402,0.01,12.825197946436184
383,consumption,,0.471572869418766,0.47347796242857737,0.01,18.273395835174718
384,consumption,,0.4071753510199021,0.4097852342087407,0.01,16.57409150933678
385,consumption,,0.442104512756942,0.4451274112688493,0.01,15.992155825541888
386,consumption,,0.5368359327421679,0.5426364819958217,0.01,7.910136717264412
387,consumption,,0.4507577653626387,0.4493900127192009,0.01,9.539527432543661
388,consumption,,0.4491959032642235,0.45215483838890025,0.01,14.274145564331063
389,consumption,,0.4780840433645186,0.47781724187504404,0.01,12.92752864997302
390,consumption,,0.4326589552205304,0.428919141748422,0.01,10.98525093128803
391,consumption,,0.5352838457359125,0.5311778476025453,0.01,5.436463512312667
392,consumption,,0.437015440132243,0.44414414348023434,0.01,13.593372323280892
393,consumption,,0.4035300987649435,0.4004740362874485,0.01,15.454823821812772
394,consumption,,0.4449247019550477,0.4486909564187183,0.01,7.923084276223452
395,consumption,,0.5073648244893463,0.5178920457887899,0.01,6.426690812937725
396,consumption,,0.4425570357271846,0.4380824604674992,0.01,12.144634676652938
397,consumption,,0.47910400419754373,0.4841187741109527,0.01,6.035701001762947
398,consumption,,0.40954466150604096,0.40944473687881416,0.01,13.602732238340764
399,consumption,,0.4619057095289792,0.4633602100009005,0.01,16.599969313065877
400,consumption,,0.4525551229444603,0.45276068141155956,0.01,13.442775956625683
401,consumption,,0.37578188842094584,0.3763015730454856,0.01,17.381428829733714
402,consumption,,0.3962509599570566,0.39643575678794774,0.01,16.75307525846869
403,consumption,,0.453012127991438,0.45763865692638145,0.01,7.785081424609761
404,consumption,,0.46574837511187456,0.4614238905448916,0.01,11.321350699055273
405,consumption,,0.393258330074559,0.39319640130566835,0.01,13.349835530314207
406,consumption,,0.4384879462770643,0.4439217242659866,0.01,13.911743323831889
407,consumption,,0.5233428117699962,0.527906937278132,0.01,5.078080379732372
408,consumption,,0.3857801583192531,0.38473114368622496,0.01,19.308236638325692
409,consumption,,0.38742953525472607,0.3850636815816086,0.01,18.774827187159033
410,consumption,,0.4496770448186941,0.4506218929344131,0.01,17.187907875423477
411,consumption,,0.4125043131596635,0.4089894957104677,0.01,10.77280919635789
412,consumption,,0.3803392470086577,0.38205809151573633,0.01,13.71245992147199
413,consumption,,0.38800855219757047,0.3932509319214612,0.01,11.476289617901106
414,consumption,,0.4074557531500691,0.4086870891435758,0.01,18.786117233626502
415,consumption,,0.4784039223249416,0.4721131698673196,0.01,5.596327901016628
416,consumption,,0.42164267891644897,0.42447570998152706,0.01,10.544393607369523
417,consumption,,0.3924723748464841,0.39393784599763454,0.01,19.399846776798935
418,consumption,,0.48313683851215544,0.48415967827027273,0.01,7.600985836300357
419,consumption,,0.4608614517307068,0.45659981992401494,0.01,13.27366672992699
420,consumption,,0.39306944629531443,0.39252703525028665,0.01,18.737049852137584
421,consumption,,0.43147903498535894,0.43223775051750873,0.01,13.09192251852002
422,consumption,,0.47612691178559363,0.4741507347009812,0.01,5.306790533017462
423,consumption,,0.6247687314490069,0.6148405252967064,0.01,5.066892185564277
424,consumption,,0.38759956367548004,0.38675532258028567,0.01,16.323480071499723
425,consumption,,0.44469985483614066,0.44934273346356474,0.01,14.339147586860694
426,consumption,,0.48697597793451525,0.4829353397324304,0.01,12.663418000527702
427,consumption,,0.39442800769841824,0.3961469655347343,0.01,15.652534243133568
428,consumption,,0.391050374821053,0.3931961546233962,0.01,19.40667680547583
429,consumption,,0.4899512643230873,0.48835094282463865,0.01,12.460046082711209
430,consumption,,0.43169143520437103,0.43810001594078085,0.01,10.036936049810407
431,consumption,,0.4294918651814453,0.4281211274318608,0.01,9.43201953198154
432,consumption,,0.3910160935499595,0.3912728638315697,0.01,16.72925626427023
433,consumption,,0.4067970238884628,0.40883144740424265,0.01,14.07100443709949
434,consumption,,0.4887253592319307,0.49160414394217095,0.01,17.087795278357163
435,consumption,,0.43205865430570806,0.4283182399611354,0.01,17.202475955886708
436,consumption,,0.43331899938652635,0.43379784915160474,0.01,16.824937518151717
437,consumption,,0.481185379970484,0.49402270793687003,0.01,5.049774761295975
438,consumption,,0.43943805232581473,0.4410622795435356,0.01,17.611509430656987
439,consumption,,0.3998579544798151,0.4014788365932306,0.01,19.085147462834318
440,consumption,,0.4399497797064281,0.4415527533799581,0.01,16.201750291594387
441,consumption,,0.362623715524468,0.3625448213255471,0.01,19.637162669915526
442,consumption,,0.3974939584165727,0.3963352110519373,0.01,11.994737353191574
443,consumption,,0.5140089885400305,0.5124096654109866,0.01,10.723559768340944
444,consumption,,0.3792102068669435,0.37987325280187423,0.01,16.287646511617883
445,consumption,,0.4089857958587437,0.4085423001027266,0.01,12.479415196560005
446,consumption,,0.41437544876139504,0.4164903679784463,0.01,10.228690339609816
447,consumption,,0.47666116125394525,0.48255489464425044,0.01,7.5423770135687285
448,consumption,,0.43735532271869554,0.43754667468905734,0.01,16.03759235135753
449,consumption,,0.4620876890334405,0.469275180859948,0.01,7.407485584492329
450,consumption,,0.5851474938953419,0.5802630571437717,0.01,6.483928682833417
451,consumption,,0.55577026011656,0.5488629180195694,0.01,6.30906718981587
452,consumption,,0.5131853650592648,0.5118758089076124,0.01,13.544080432102954
453,consumption,,0.5130440694416883,0.5211668035021246,0.01,6.098938807886802
454,consumption,,0.45604457935217624,0.444867758705765,0.01,5.912182407325174
455,consumption,,0.43732321791051165,0.43789147477704243,0.01,10.428428656606684
456,consumption,,0.4268827936474396,0.4297902040475027,0.01,8.184590990260451
457,consumption,,0.46228281435697693,0.4709949102566775,0.01,7.377410652822427
458,consumption,,0.4990216407451145,0.4960428844689549,0.01,5.1325160266281085
459,consumption,,0.4947907724893284,0.49527434727026604,0.01,19.464579834513955
460,consumption,,0.5055077541808013,0.5082884127767275,0.01,7.021786015746638
461,consumption,,0.3824389124245738,0.3857187680841705,0.01,11.650824608940363
462,consumption,,0.4937978734348619,0.49863719770650233,0.01,7.524987558963116
463,consumption,,0.43015785034397125,0.4271411908430418,0.01,12.010502166399199
464,consumption,,0.4703612519871018,0.46482710904623353,0.01,9.34415161068527
465,consumption,,0.465956482833426,0.46700745878793903,0.01,14.587475868172884
466,consumption,,0.4920132230732188,0.4948927583561175,0.01,10.802307503534676
467,consumption,,0.43926968604231487,0.43649873200804784,0.01,9.659862797436654
468,consumption,,0.4356989172983676,0.4299690563273915,0.01,9.019450993185448
469,consumption,,0.3922195234702977,0.39076065281053707,0.01,13.088048906725566
470,consumption,,0.41295536847521075,0.40976680849985986,0.01,14.062088538134846
471,consumption,,0.3972039492579593,0.3973268380928393,0.01,9.22314743910029
472,consumption,,0.45440386218948275,0.4554480141154172,0.01,13.658033323992194
473,consumption,,0.3847268251039618,0.38644101642620476,0.01,19.480030415441465
474,consumption,,0.44208703194048304,0.44597223026329247,0.01,6.18463392431115
475,consumption,,0.48353068074071104,0.47945757357133617,0.01,6.706117593842354
476,consumption,,0.457189041767543,0.45580091475299583,0.01,15.070393329015511
477,consumption,,0.42939809812544727,0.43398605602934925,0.01,13.608696391977873
478,consumption,,0.5455528041747059,0.5613362476109655,0.01,5.638754083072926
479,consumption,,0.4058632030091669,0.4087052561875212,0.01,11.65930188252106
480,consumption,,0.4235751802568476,0.4175567425547823,0.01,8.387700792436249
481,consumption,,0.4053890439411732,0.40323445687351805,0.01,15.007103534609172
482,consumption,,0.39903828840111005,0.3989259880736698,0.01,14.758095689208824
483,consumption,,0.4672415206739722,0.47688561278968983,0.01,8.68386723014024
484,consumption,,0.3982275052373194,0.3974591475810132,0.01,17.830398235539846
485,consumption,,0.3842910266068327,0.38643387615947883,0.01,16.680709007721077
486,consumption,,0.6353850046147457,0.6373291663139442,0.01,5.039393713345796
487,consumption,,0.4861874177099638,0.4866433003337279,0.01,15.057985553206663
488,consumption,,0.5303430277121586,0.5276180512846713,0.01,6.603570832893464
489,consumption,,0.48354493899982376,0.4841136815193311,0.01,11.893861559571345
490,consumption,,0.4443193590227305,0.4433088242947244,0.01,9.127308416523206
491,consumption,,0.38014549634234457,0.37986639174321557,0.01,17.133575702529143
492,consumption,,0.5037848951381229,0.5039760601346085,0.01,13.935018839879275
493,consumption,,0.4145172131843224,0.41230013489342243,0.01,12.330699583793614
494,consumption,,0.4132447478395482,0.41443887075402724,0.01,11.708935595435129
495,consumption,,0.46644542588908855,0.4638757482050551,0.01,6.488213432129341
496,consumption,,0.3963344013464979,0.3954290228196633,0.01,10.810052147241827
497,consumption,,0.38992640968253445,0.3903304852173619,0.01,16.52245180582691
498,consumption,,0.3848143507399109,0.38661357988940975,0.01,17.184922286127872
499,consumption,,0.4262795136992519,0.42442333507289676,0.01,8.677773574913665
500,consumption,,0.39488263413705715,0.3976618773963114,0.01,13.036749648774158
501,consumption,,0.37149679476269903,0.36928685079022633,0.01,15.026746455281843
502,consumption,,0.48545797307403854,0.4861643627803591,0.01,7.3519691192201675
503,consumption,,0.3808443609608504,0.3804624077078563,0.01,18.22233915455935
504,consumption,,0.4607079581958194,0.46207953771344173,0.01,12.31621339800866
505,consumption,,0.48310848905046533,0.4812353021215005,0.01,18.32238830725206
506,consumption,,0.43866720602027853,0.43850527838614917,0.01,14.002764989084998
507,consumption,,0.4873495082611862,0.4835890022531228,0.01,11.848232073692213
508,consumption,,0.6028941992490225,0.5988955512900077,0.01,5.3742626757959
509,consumption,,0.3718103398785663,0.37223212431997277,0.01,16.90567498209783
510,consumption,,0.48804194891979336,0.4818848753636125,0.01,11.579419862831017
511,consumption,,0.4989743400899736,0.506652951588217,0.01,5.043380486500105
512,consumption,,0.41859822337485114,0.4211563250285029,0.01,11.906840578532169
513,consumption,,0.4905224671788372,0.48460582943983027,0.01,6.126245937250977
514,consumption,,0.5239896928549183,0.5177691345710088,0.01,6.17091485177062
515,consumption,,0.4317985160687627,0.42959179662072966,0.01,17.42299245250572
516,consumption,,0.4235316933975383,0.42257269605266584,0.01,16.322905116314995
517,consumption,,0.5642369605763488,0.5691815119677471,0.01,7.071930194861162
518,consumption,,0.43275902578279085,0.433343820791566,0.01,15.085156864705583
519,consumption,,0.4437850760696947,0.4529075178647921,0.01,7.497495552597034
520,consumption,,0.4690512840935185,0.46812489846178135,0.01,8.07660223322026
521,consumption,,0.44012843238202415,0.4395930986218639,0.01,14.008685034023353
522,consumption,,0.4802651824816999,0.48236136424120624,0.01,7.170782596141653
523,consumption,,0.44146328468950014,0.4414778112077827,0.01,13.37426667312373
524,consumption,,0.39857114373406355,0.39819212009153676,0.01,16.47039389170167
525,consumption,,0.45709954832853045,0.45319919200230774,0.01,15.894740953677562
526,consumption,,0.5083022774737004,0.5102344881227989,0.01,10.191909177121154
527,consumption,,0.38248759115696607,0.38119054501379246,0.01,16.45910082322837
528,consumption,,0.4155792674129716,0.41707238373115657,0.01,15.418196472012824
529,consumption,,0.4688498642863771,0.4637418207780547,0.01,9.702606114069502
530,consumption,,0.44358508734416335,0.4450437932277529,0.01,9.528711292008929
531,consumption,,0.4578405006707085,0.4574608533654248,0.01,6.962503942985771
532,consumption,,0.4061750077648943,0.40625931418211725,0.01,19.363502327941436
533,consumption,,0.4555155417952054,0.45841668893515075,0.01,9.052573608013269
534,consumption,,0.48587650902803897,0.4920209804773227,0.01,6.5674789639021105
535,consumption,,0.5079396087869059,0.5072622999606428,0.01,7.677513415240157
536,consumption,,0.3691341056311232,0.36971661130616845,0.01,18.89723792760218
537,consumption,,0.4754527046177208,0.47849897149654735,0.01,6.361403072433099
538,consumption,,0.40716908728870693,0.40361181186948974,0.01,12.193559098628162
539,consumption,,0.4243939122645844,0.42681299061785305,0.01,16.09309023965036
540,consumption,,0.42142407506257346,0.42256510412846876,0.01,17.04647875359477
541,consumption,,0.43108432322044155,0.4271386053874581,0.01,10.571225082827791
542,consumption,,0.4524351373268987,0.45354232329879207,0.01,16.328491845031195
543,consumption,,0.48541544349205823,0.4796811182525901,0.01,7.63055264252649
544,consumption,,0.47144349225238863,0.4820475016243541,0.01,9.680727648150523
545,consumption,,0.39595769392690056,0.3936119416131051,0.01,18.3831974467113
546,consumption,,0.5067859389829255,0.5073229513918202,0.01,14.143338256730177
547,consumption,,0.4555198884070212,0.4565240225130742,0.01,19.141719340490454
548,consumption,,0.575382757598305,0.5810185005382671,0.01,7.634871972193649
549,consumption,,0.48684609367205234,0.48493204761397485,0.01,5.344328543641871
550,consumption,,0.42326226386248805,0.42006017202764157,0.01,8.707885664986225
551,consumption,,0.3866203537859546,0.38995490678385225,0.01,17.85835532581038
552,consumption,,0.49395029762852255,0.49044113946831686,0.01,14.601620242451995
553,consumption,,0.40516446939544665,0.4044659906033741,0.01,17.622679746758077
554,consumption,,0.5273202919108901,0.5150353079934623,0.01,5.547166272352808
555,consumption,,0.4387879936080502,0.43708198509871865,0.01,7.7829480409621095
556,consumption,,0.45712143414768613,0.46045822439750644,0.01,9.036459910342177
557,consumption,,0.4099718269029728,0.40923308930223334,0.01,16.009381366954923
558,consumption,,0.4171049919966077,0.415283694378292,0.01,10.453580761132038
559,consumption,,0.38502441069184806,0.387443518451331,0.01,14.403352364416826
560,consumption,,0.47015166767674466,0.46884009157156625,0.01,18.74881319920651
561,consumption,,0.4757264467817014,0.4679391753510164,0.01,6.9756015722182205
562,consumption,,0.3781003885809371,0.3795122822496107,0.01,16.717657447977203
563,consumption,,0.4782096704355492,0.4795502335139009,0.01,10.37377883284394
564,consumption,,0.5029314101932097,0.4998583168344767,0.01,13.223743363823207
565,consumption,,0.404740487582064,0.41284448059859846,0.01,10.285438410019102
566,consumption,,0.3951405901721502,0.3953549610440417,0.01,18.44146343712071
567,consumption,,0.4799272424666765,0.4762774494021947,0.01,6.323196230617106
568,consumption,,0.4445076899668193,0.44517775818346367,0.01,13.616765618102445
569,consumption,,0.4447398784151085,0.44536705375626023,0.01,14.51309095793222
570,consumption,,0.3806116842267143,0.3839652101160166,0.01,15.650514953607184
571,consumption,,0.5084119577943922,0.5235005092893527,0.01,5.882437398395901
572,consumption,,0.4369444631500054,0.4362129390357057,0.01,13.51906977124193
573,consumption,,0.4362341453390926,0.438885992823086,0.01,13.478192833819671
574,consumption,,0.4260183941546638,0.43177925852777627,0.01,9.259944403057549
575,consumption,,0.43625777767365315,0.43554845317153656,0.01,15.760980696702621
576,consumption,,0.4924377323174241,0.4937170197506425,0.01,9.90300695113227
577,consumption,,0.4043642898132657,0.4039372464232756,0.01,12.385775965683308
578,consumption,,0.41143446977449843,0.4161586173119142,0.01,9.025827516625698
579,consumption,,0.49905277958215644,0.4989606297217503,0.01,12.426680537361683
580,consumption,,0.4294965983831903,0.42604007090917123,0.01,13.126564028597011
581,consumption,,0.5745711890967541,0.571172396464927,0.01,7.981930267915378
582,consumption,,0.44920603199276693,0.44307881830787255,0.01,11.285051879050673
583,consumption,,0.38928393888856444,0.38815944262950236,0.01,19.68467229916702
584,consumption,,0.4089410296963979,0.4109756516384793,0.01,13.325221968531386
585,consumption,,0.38467152092039747,0.383492259236398,0.01,14.13356647905156
586,consumption,,0.38223943994254295,0.38162922928107784,0.01,19.227761293887163
587,consumption,,0.4418291613081731,0.43518085778923504,0.01,13.077009665187969
588,consumption,,0.42810142916234595,0.43336225021953534,0.01,8.668682063325434
589,consumption,,0.4824272570813689,0.4864243678435398,0.01,14.586268405128683
590,consumption,,0.545607337183563,0.5549445012029978,0.01,5.132918864936226
591,consumption,,0.4189312227380254,0.42114196139800797,0.01,10.876923481491245
592,consumption,,0.49204657824066167,0.4880802152773968,0.01,7.145133361386192
593,consumption,,0.4771981479531092,0.4791794419466664,0.01,6.742838479594466
594,consumption,,0.3886155565161975,0.3897410654157384,0.01,18.26365274531824
595,consumption,,0.4517515796692182,0.44464392485602977,0.01,9.849752679219968
596,consumption,,0.4270712516139034,0.4270243885164799,0.01,16.86914828194303
597,consumption,,0.4780557141693669,0.47265790325221585,0.01,7.6794413686992185
598,consumption,,0.4112085013264598,0.4121246978048539,0.01,12.213483207712923
599,consumption,,0.4578294156052848,0.4585037430752609,0.01,17.365846749380907
600,other,,0.1987736729233047,0.19831779941308594,0.01,8.732661667257984
601,other,,0.1733719643452419,0.173768665816181,0.01,18.615248183876204
602,other,,0.18618764364492357,0.18361049208163513,0.01,11.386349742467377
603,other,,0.182893795314472,0.18403948829576985,0.01,13.589027363542307
604,other,,0.21811754952189655,0.21695688412632222,0.01,6.421971399758423
605,other,,0.17928303597180992,0.17864191928730633,0.01,19.28105253583037
606,other,,0.2289280718486688,0.22904519307817195,0.01,5.039457518574069
607,other,,0.18243442832210913,0.18344160802712378,0.01,14.529456114075733
608,other,,0.19397287113151548,0.19819227476545148,0.01,9.887864292837058
609,other,,0.22827917797153477,0.2245977326880951,0.01,5.22595624389001
610,other,,0.21549591469724882,0.2170721074645687,0.01,6.451887599428131
611,other,,0.17584774205092177,0.17632559129951614,0.01,17.04828524738994
612,other,,0.2071629265261884,0.21018520628299853,0.01,6.797784272126091
613,other,,0.1920577528974277,0.19176703626967925,0.01,9.624348936839175
614,other,,0.2095535934601608,0.2135061369569064,0.01,6.489164303822358
615,other,,0.21602584060386792,0.21815010278749694,0.01,6.110148074050654
616,other,,0.18281286210600733,0.1820475969055484,0.01,17.33416667967582
617,other,,0.18587808381860998,0.18557275653278452,0.01,13.618814767088221
618,other,,0.21297598307602847,0.21945218552915066,0.01,6.350698084038242
619,other,,0.20127382343998151,0.20044000229408346,0.01,8.971935830228832
620,other,,0.1804017397991262,0.1818379521743158,0.01,14.421868098554567
621,other,,0.187691193031181,0.18638772176451715,0.01,11.86452518971261
622,other,,0.17980365579351615,0.1806051000289055,0.01,18.642512028690515
623,other,,0.17818779567814977,0.17788229529745617,0.01,14.503202275462778
624,other,,0.19217195870819226,0.19126505654512435,0.01,11.520813374653924
625,other,,0.1941700583529253,0.1953958751051101,0.01,9.635782001963278
626,other,,0.18712120517494485,0.1839831045486493,0.01,13.615401070032371
627,other,,0.180105444219043,0.17982360755901727,0.01,15.088233605187684
628,other,,0.18499798008345522,0.18329969111199962,0.01,12.322728667659394
629,other,,0.21368770622554625,0.2101240975651573,0.01,6.817889497343222
630,other,,0.22810617954398327,0.223504855461322,0.01,5.928062816951888
631,other,,0.19261230840242735,0.19512486041094917,0.01,10.938480925847387
632,other,,0.1913890787853157,0.19243493210626658,0.01,10.439816751463509
633,other,,0.21806968389335046,0.21422512223931156,0.01,6.325760658059474
634,other,,0.17808607375233523,0.17735893046859064,0.01,15.253083253068102
635,other,,0.19051196826123543,0.18984884446041483,0.01,12.224410687227156
636,other,,0.17997399995847516,0.17917064412728023,0.01,16.025276445223035
637,other,,0.18877279891717166,0.18666799313529878,0.01,11.320466193534813
638,other,,0.18021348835718579,0.1792253599079063,0.01,19.610325763921157
639,other,,0.1875566789536731,0.18781524607170133,0.01,12.279646396959134
640,other,,0.19680067679725938,0.1974721184922127,0.01,8.904684915784214
641,other,,0.18242821907872114,0.18092587379093325,0.01,13.787115630535197
642,other,,0.23135097444287606,0.23017252120837722,0.01,5.121249685341287
643,other,,0.2061250760116281,0.20654562175156077,0.01,7.767129906249851
644,other,,0.1871999514558521,0.18855033657795833,0.01,12.044009252077561
645,other,,0.18297343018369003,0.18339364160019622,0.01,14.415427769715361
646,other,,0.17572452986764794,0.17536423017465666,0.01,18.195067819390445
647,other,,0.1888617260894904,0.1887481545831314,0.01,10.408289486043046
648,other,,0.21658397384485523,0.21728368036161608,0.01,6.057741711485125
649,other,,0.22210189456870524,0.21854089300811363,0.01,5.637556804963627
650,other,,0.18689073660645983,0.19041406231589966,0.01,11.583641032521971
651,other,,0.17694166600897812,0.17721271305267408,0.01,16.964227710586417
652,other,,0.17992329774460092,0.17897937663912675,0.01,17.64457407589759
653,other,,0.20352470203890705,0.19993608904924037,0.01,8.32241163412452
654,other,,0.17829464969349357,0.17791997106059051,0.01,18.09464474545149
655,other,,0.18824417780293293,0.1869362941382347,0.01,12.60554934405975
656,other,,0.19883979334364119,0.19507053191694468,0.01,8.860358465013357
657,other,,0.22169753516945354,0.22081499514943284,0.01,5.513375654119323
658,other,,0.19252688228806028,0.19238495327339644,0.01,10.863293700469871
659,other,,0.17955099096561924,0.1786369006799407,0.01,14.609236376982517
660,other,,0.18284935839376915,0.18250495406473158,0.01,15.116603886866518
661,other,,0.17725916480481055,0.17644405206060618,0.01,19.03229786534015
662,other,,0.22121905202605335,0.22153102690220022,0.01,5.955295259236236
663,other,,0.2335186196812669,0.23348813976185304,0.01,5.048024083489485
664,other,,0.17905768605529024,0.17790848538995807,0.01,19.916965013138316
665,other,,0.18693751758347252,0.18461092479042043,0.01,13.271838303532308
666,other,,0.18072548289589013,0.18046522849478258,0.01,14.61953182710878
667,other,,0.17906164040039083,0.1787922183767278,0.01,19.970745248500897
668,other,,0.1874799263858361,0.18679983326480426,0.01,12.487328681976932
669,other,,0.1838172094749261,0.18432522333835016,0.01,12.524995780295189
670,other,,0.18053805087854513,0.17943872799488048,0.01,13.680252810221734
671,other,,0.17997153564865767,0.18045066405172006,0.01,14.411208100331013
672,other,,0.19504692461071027,0.19674083559086444,0.01,8.772352114459414
673,other,,0.21197141356781468,0.2096024990522308,0.01,7.206931019078977
674,other,,0.17645037007194975,0.176196253993822,0.01,18.645881804427113
675,other,,0.1842870293638585,0.18269369151272638,0.01,12.880615116657317
676,other,,0.20211297345628867,0.19912683314151347,0.01,8.813587941486404
677,other,,0.21472976158586807,0.21683778716990598,0.01,6.636822355201926
678,other,,0.19029259519297664,0.18929708773279022,0.01,11.767744697973434
679,other,,0.1824620027017749,0.18306994131388288,0.01,14.72060305006275
680,other,,0.1897157246472817,0.18650604333791887,0.01,12.388230731629505
681,other,,0.21234013325679596,0.21047210846246023,0.01,7.326689649243946
682,other,,0.17516094635325585,0.17501054449873493,0.01,19.466299397224272
683,other,,0.18242488498919285,0.18194831303065376,0.01,13.441315058902076
684,other,,0.20016844386447996,0.1990106953313558,0.01,9.945616243918064
685,other,,0.17718243974466902,0.1771030987445745,0.01,16.14514355890237
686,other,,0.18245185987023674,0.18297838953186704,0.01,13.42312664491452
687,other,,0.2078227094659555,0.20561996529802956,0.01,7.421986018499023
688,other,,0.18306686946506107,0.18270300584601357,0.01,13.265521068443123
689,other,,0.18607207613092333,0.1881306084372984,0.01,11.359294612828254
690,other,,0.20682828261026223,0.20695769753381363,0.01,7.6119533823595305
691,other,,0.22185686140534724,0.2190653734965118,0.01,6.152416802111909
692,other,,0.19449714575106597,0.18957265315564445,0.01,10.143623238657652
693,other,,0.2043013500642041,0.20149695868575884,0.01,8.450633937711785
694,other,,0.1887472812296203,0.1886783203132673,0.01,11.283265530908535
695,other,,0.1957609232587994,0.19564889099004973,0.01,9.346275191498217
696,other,,0.18285419094437375,0.18103281344042785,0.01,14.775925076157804
697,other,,0.2238032737467579,0.22234838004756596,0.01,5.225149444505488
698,other,,0.17666885712824143,0.17710743559877815,0.01,17.39807597551558
699,other,,0.20796597742108844,0.21128379285809842,0.01,7.900074756371005
700,other,,0.17673969759452263,0.17668096488169419,0.01,18.83799362314233
701,other,,0.19355338688761048,0.19274265761699316,0.01,10.623296720385744
702,other,,0.21806266401460514,0.21954102898738823,0.01,6.002670757629569
703,other,,0.1795042605013735,0.18046644882521223,0.01,16.257304148217287
704,other,,0.18066279042896685,0.18022784656687052,0.01,13.322430204623233
705,other,,0.19549081519029451,0.19354976542941552,0.01,9.619474238925413
706,other,,0.18055536123885485,0.18096336437386845,0.01,14.37526769806395
707,other,,0.1786604265346399,0.17848634437442115,0.01,17.849800943592985
708,other,,0.2246020037239066,0.22791306297479136,0.01,5.372465432742188
709,other,,0.19754071572043896,0.19756199327238613,0.01,9.503130681456009
710,other,,0.19255693683791697,0.19191643378738496,0.01,9.961936956891709
711,other,,0.18803490498834022,0.18698233898138722,0.01,10.97260310482616
712,other,,0.1977068115637354,0.19961118788176,0.01,8.201695532745008
713,other,,0.19237483429749216,0.19425320024834644,0.01,9.213206612504655
714,other,,0.19939440371771355,0.19751644113651598,0.01,9.330699244027556
715,other,,0.18430978316597302,0.18285788637927405,0.01,11.680524006234014
716,other,,0.2204098988882301,0.21883090009229966,0.01,6.463783202772763
717,other,,0.19083099733299952,0.19309420429187804,0.01,10.275051720651316
718,other,,0.18480921359382915,0.18392616588051652,0.01,14.98035519648097
719,other,,0.2236161342811488,0.22507846608100257,0.01,5.547747617400134
720,other,,0.18597702204474417,0.18517827703256223,0.01,12.193132128929857
721,other,,0.21246848086226222,0.2118779392805049,0.01,6.318283984813846
722,other,,0.18400875522192842,0.1823680290676191,0.01,12.553469397326012
723,other,,0.1966276173638019,0.19704221792414528,0.01,8.53865942047858
724,other,,0.21336713672080726,0.21698676551542412,0.01,6.464044130672271
725,other,,0.20786355279122204,0.20681425026168418,0.01,7.529261073168094
726,other,,0.18165776974586292,0.18195689916955496,0.01,15.07811705541192
727,other,,0.23006945417791214,0.22645053165440673,0.01,5.536110056935321
728,other,,0.1826311041970315,0.18397088756954083,0.01,12.459872477647608
729,other,,0.1887004059132767,0.18833202961110163,0.01,12.7375848648496
730,other,,0.1782840094643537,0.1784066419513357,0.01,18.64363915025067
731,other,,0.2095972174239292,0.20557567463309148,0.01,7.802394723194023
732,other,,0.1826287384806344,0.18358158066758448,0.01,17.377325059840295
733,other,,0.1785884742974528,0.17912200549669427,0.01,19.384103750746064
734,other,,0.20968786777567716,0.21010803008242543,0.01,7.4177120397494285
735,other,,0.17880475844336857,0.1796418997464358,0.01,17.973399621287342
736,other,,0.20485202289027185,0.20251971711269282,0.01,7.664082290755221
737,other,,0.1809125633459116,0.18283407350640576,0.01,14.202950407934628
738,other,,0.23160772687619985,0.23346167794324657,0.01,5.06570141972664
739,other,,0.18025202310289906,0.18095016222021246,0.01,15.484292477319626
740,other,,0.1995754027435177,0.19673715726458985,0.01,9.738624091086255
741,other,,0.2046732266905276,0.20470173460993613,0.01,8.471573172476969
742,other,,0.1906695800224905,0.19255020460279273,0.01,11.51860071024808
743,other,,0.18677605296980812,0.18713578435839567,0.01,14.470136804828842
744,other,,0.21614330270715898,0.2160292251595845,0.01,6.6077004523294365
745,other,,0.19750877421819468,0.1968562243586187,0.01,9.575802819685078
746,other,,0.21601009143061176,0.21453006167512442,0.01,6.825824131710366
747,other,,0.18759431341952154,0.18614463462687356,0.01,11.365989732320429
748,other,,0.17757547721665828,0.179077189723959,0.01,16.53942083509107
749,other,,0.17728064499630186,0.1777078287335527,0.01,19.673679463491098
750,other,,0.2302540138026755,0.2340619618796071,0.01,5.0747367511702866
751,other,,0.1741570419566736,0.17388611063851084,0.01,19.911814065516317
752,other,,0.18085305883590191,0.17966933820743855,0.01,15.52573999156211
753,other,,0.18504531861340792,0.1840020500569106,0.01,15.914615380312426
754,other,,0.18802252172106637,0.18800071329063434,0.01,11.877251296442019
755,other,,0.17995827895593108,0.1794789331047643,0.01,15.621760907197757
756,other,,0.19193916688004617,0.1929575188292071,0.01,9.646201065278975
757,other,,0.19904231145205983,0.19972794469600413,0.01,8.455763580532825
758,other,,0.19126395025018217,0.19191870373309922,0.01,12.0205947408866
759,other,,0.1808230697239333,0.18146193020286028,0.01,14.58047924484555
760,other,,0.22137335048135534,0.22793833053945758,0.01,5.463515257837571
761,other,,0.18133527989428602,0.18102199356483245,0.01,14.97549132332659
762,other,,0.17694432311265887,0.17643086708570313,0.01,16.996557416663777
763,other,,0.17670409899894116,0.176783636891294,0.01,19.46796201418842
764,other,,0.1801471247622365,0.18054783635395408,0.01,15.427444732362808
765,other,,0.175981275191917,0.17724327868718195,0.01,16.40464177921146
766,other,,0.1787877370224309,0.17892970282326787,0.01,19.85286966703861
767,other,,0.1885248274832216,0.18762090277041096,0.01,11.992894092361752
768,other,,0.1759757939411117,0.17528694685490495,0.01,19.292317497320752
769,other,,0.17942909811494007,0.1799171373084806,0.01,17.343129209081955
770,other,,0.19394361371033106,0.1914852795106891,0.01,9.984698439573977
771,other,,0.19980040918130465,0.19931480136200547,0.01,7.927040980627512
772,other,,0.2103367380502076,0.20950889145338275,0.01,6.927263126537045
773,other,,0.18249482111925033,0.18348169166159506,0.01,15.049944975095277
774,other,,0.21146125886970937,0.20746974679523345,0.01,7.987345009940999
775,other,,0.1806240099945667,0.18164998027928428,0.01,13.279635180105183
776,other,,0.18705815175350626,0.1887883607380791,0.01,11.346129157255831
777,other,,0.1869773246352079,0.18533564638196362,0.01,12.121498148543974
778,other,,0.19546264993836673,0.19444421557334343,0.01,9.376687170524225
779,other,,0.17869125275600506,0.17810936867248056,0.01,17.301679136965106
780,other,,0.19988568496220138,0.19927444208861875,0.01,9.16957619691004
781,other,,0.19659246182866003,0.19737813492486356,0.01,9.47403314031468
782,other,,0.19357193123120742,0.19389932154445202,0.01,11.1766486628097
783,other,,0.17884466339316807,0.17839497619387493,0.01,15.358459065587834
784,other,,0.17934074678008918,0.1777074943624188,0.01,14.909171070235589
785,other,,0.17682095299900308,0.17745739166500285,0.01,16.88508780906423
786,other,,0.22285222371159893,0.22029698191856076,0.01,6.020923214119804
787,other,,0.1762439303368138,0.1755162903482024,0.01,18.009581729098258
788,other,,0.20704209548863617,0.20968268508549567,0.01,7.301527332699091
789,other,,0.2158007775354357,0.2162022198269902,0.01,6.329074250357066
790,other,,0.17986694300877126,0.17816838662584858,0.01,15.20546355686096
791,other,,0.18515694990107046,0.18446690567200824,0.01,15.225932704163695
792,other,,0.23185776916011716,0.2295420870779197,0.01,5.157467631987762
793,other,,0.17931050862190023,0.17945122058550714,0.01,16.86884603455949
794,other,,0.17661949906449065,0.17698253052701216,0.01,16.452816332821627
795,other,,0.1758696254267769,0.176384608189076,0.01,17.610581391576588
796,other,,0.1779147186057678,0.17765116534270078,0.01,17.0351369405745
797,other,,0.17781085073196526,0.17702836980015826,0.01,17.94584361638034
798,other,,0.1960899632006891,0.1963670814647059,0.01,9.761437545698753
799,other,,0.17911733539460525,0.17917803250318787,0.01,18.683340900829307
800,other,,0.1788110577237471,0.17845701745541642,0.01,15.276502409224276
801,other,,0.1776970698837947,0.178536118808691,0.01,15.921223176426787
802,other,,0.22604895308460482,0.22918897023730136,0.01,5.602834861823049
803,other,,0.19186641761926485,0.19691081341775382,0.01,8.895605194287537
804,other,,0.18101290468268802,0.1794846294281022,0.01,14.30002861331853
805,other,,0.1899254437797385,0.1898297488687224,0.01,10.421572368889471
806,other,,0.21519067919334475,0.21459416269387013,0.01,6.644648999846103
807,other,,0.17963586412578814,0.17918335571573613,0.01,16.425467882386386
808,other,,0.1796583476373109,0.18055092849040025,0.01,15.174422894095427
809,other,,0.1856709535649078,0.18623087052089513,0.01,12.627383465354828
810,other,,0.18451121647157256,0.1872791141795421,0.01,13.443838685540507
811,other,,0.18697481483191802,0.18708553615407106,0.01,13.768448699809928
812,other,,0.17997866593243916,0.17898246104255144,0.01,18.914471188958444
813,other,,0.17831367249664476,0.17888929449812863,0.01,17.65009869759044
814,other,,0.18823995994683412,0.19043817642017394,0.01,13.192570021582686
815,other,,0.23251088538817657,0.2273450861659668,0.01,5.133471774949272
816,other,,0.1802182858139521,0.1809307864835626,0.01,14.048040748138924
817,other,,0.1901444631455661,0.189533347908972,0.01,12.400666982928128
818,other,,0.17867755942469446,0.17976793957139695,0.01,18.57843586260586
819,other,,0.20951625588797576,0.20740229351166994,0.01,7.306879218923372
820,other,,0.1971078737175127,0.19742068213147212,0.01,9.19609011369826
821,other,,0.18277968703833028,0.18311632236538378,0.01,15.478296679292093
822,other,,0.19420681853722419,0.19324603468786386,0.01,10.715366176129578
823,other,,0.21276619106053046,0.21559865991527005,0.01,6.566708592325222
824,other,,0.18729142512384597,0.18569445107647592,0.01,13.331681038091768
825,other,,0.21186862261368047,0.21148111054408691,0.01,6.293682694791426
826,other,,0.18730240759601163,0.18699013202062587,0.01,12.48542676019688
827,other,,0.18603309850296992,0.18943613131239972,0.01,11.055902973788754
828,other,,0.18115528046337415,0.18225278240893145,0.01,13.467752455364423
829,other,,0.18084097113129707,0.18070684721794236,0.01,17.314630159382087
830,other,,0.186168377666911,0.18587260385303137,0.01,12.046846675833931
831,other,,0.17932350471716063,0.17919979902321445,0.01,15.350144320706933
832,other,,0.1904013931658436,0.18937007653244403,0.01,11.949770229382661
833,other,,0.18117337857355245,0.18082648472568855,0.01,16.180118486823396
834,other,,0.1807438502433111,0.18007068297670228,0.01,12.762146601974372
835,other,,0.17746398217915604,0.1784267393120757,0.01,17.28456862978124
836,other,,0.19663216447194098,0.19422202389336474,0.01,9.850365491122393
837,other,,0.2032297258833912,0.2011761067849763,0.01,8.252628848551524
838,other,,0.2054445282504645,0.2071072261174964,0.01,7.564087210291121
839,other,,0.18188675728048523,0.18231068750731624,0.01,14.935421628901272
840,other,,0.2153122872093454,0.21840559257696152,0.01,6.561919722741882
841,other,,0.18098505730294112,0.18093211446401158,0.01,15.659640856749647
842,other,,0.1785435043647141,0.17998671720503553,0.01,18.460644775315703
843,other,,0.19489869076813146,0.1928544651981256,0.01,10.465874663859404
844,other,,0.1781840475282227,0.17896990984050526,0.01,17.002828162436444
845,other,,0.18328350722567324,0.18346458954180514,0.01,15.478141313357481
846,other,,0.18264916731705302,0.18347125216785184,0.01,12.57688382023011
847,other,,0.21574003339987008,0.21364566375631547,0.01,6.47841985588428
848,other,,0.1799222320740813,0.18210094528107973,0.01,14.776253628743836
849,other,,0.20770217539931518,0.20811340428446914,0.01,7.866776877492025
850,other,,0.1971894861681587,0.19501065119994312,0.01,9.254267115854656
851,other,,0.18086972980440055,0.17910713334477105,0.01,14.123206281402272
852,other,,0.1839678212746732,0.1831243224446989,0.01,13.031645672037007
853,other,,0.1894885683714649,0.18855526869075054,0.01,10.426020196554127
854,other,,0.17723910095918693,0.17705363378228584,0.01,17.011038723023177
855,other,,0.18026954842582482,0.1798133927640114,0.01,19.44302812043995
856,other,,0.19878797830733583,0.19974651722976644,0.01,8.180903043717302
857,other,,0.18160369722231473,0.18061418892847822,0.01,13.867985127125111
858,other,,0.17909371699162802,0.17914721623753518,0.01,15.533286306885032
859,other,,0.17757206380197754,0.17779604619258432,0.01,18.844670860868632
860,other,,0.18290541753212305,0.18328045562544662,0.01,19.02674494832455
861,other,,0.2081197133656849,0.20901773390223047,0.01,7.044661759331058
862,other,,0.18862316889561828,0.18878794928045056,0.01,10.762181079019918
863,other,,0.23176680718029483,0.23111181191982977,0.01,5.210791327025465
864,other,,0.1887567143556178,0.185730751093049,0.01,12.48108588438788
865,other,,0.19137890523480677,0.19055459653401777,0.01,9.496798592633752
866,other,,0.18625612525116156,0.1863836763074539,0.01,13.041598454455361
867,other,,0.19569429202046457,0.19740986335478225,0.01,9.703045025591418
868,other,,0.18028247473780093,0.18023353028700445,0.01,15.678523775144013
869,other,,0.1827871370689427,0.18512366775126898,0.01,13.870709245228113
870,other,,0.21780013430537667,0.21837621923754397,0.01,6.368268032258909
871,other,,0.19135939726821175,0.19055509950116678,0.01,12.278785908883096
872,other,,0.18064898085487088,0.18248186385133655,0.01,14.179396545678438
873,other,,0.1886705041125529,0.18747188288067332,0.01,12.71782617389276
874,other,,0.22079758610281938,0.21717799814677968,0.01,6.654231270907001
875,other,,0.1806987183797543,0.18047432647455172,0.01,14.876061459756137
876,other,,0.21277556171067932,0.21534157748264146,0.01,6.649154435798603
877,other,,0.1788792178117805,0.1792323680624989,0.01,18.711685664675745
878,other,,0.1908851987829297,0.19190379826516477,0.01,11.098850488668788
879,other,,0.18552001323890416,0.18465175846813867,0.01,12.61588513513604
880,other,,0.17648083108032853,0.17575031631935348,0.01,18.67369665628171
881,other,,0.18120650224683682,0.18096481074742202,0.01,18.263439614759356
882,other,,0.18287759157560493,0.18433790865202201,0.01,12.701391743661313
883,other,,0.17793970022126074,0.17742237590292803,0.01,14.18789541898667
884,other,,0.18602016598016938,0.18584226880747418,0.01,13.39278263016007
885,other,,0.17705381422402106,0.17699455498677252,0.01,18.188585418903198
886,other,,0.17536829763708434,0.1754148754724136,0.01,18.524953022568134
887,other,,0.18626838368744422,0.18377146795623764,0.01,13.269325879214424
888,other,,0.17969664019384984,0.1809294717910098,0.01,15.324301418499127
889,other,,0.18539878141506688,0.18908249498930668,0.01,11.204008886219048
890,other,,0.17820118502375992,0.17757188513830102,0.01,17.111897996032333
891,other,,0.18403204711586046,0.18338821772015068,0.01,13.388603608597688
892,other,,0.18104491401348202,0.18056645392500972,0.01,17.179104597510708
893,other,,0.21540155529400692,0.2174425060484719,0.01,6.305185512875408
894,other,,0.18642792553325838,0.18555290650372896,0.01,13.940748634260679
895,other,,0.203797579750546,0.20363949886640625,0.01,7.174658956952824
896,other,,0.20221131854271884,0.2034700564822897,0.01,8.263781122185474
897,other,,0.20734050582191607,0.2074124611392347,0.01,7.51668652259275
898,other,,0.2137428133807336,0.21440995909794477,0.01,6.315877160655646
899,other,,0.21981918368495196,0.21764158133162492,0.01,5.933824754514992
